                              EXPERIMENT 1.3 -RELATIONAL DATABASE DESIGN USING MYSQL-TCL & DCL COMMANDS
                              _________________________________________________________________________
                              
PART-A:- TCL COMMANDS


Q1:-COMMIT 

mysql> select *from BOOK;
Empty set (0.00 sec)

mysql> insert into BOOK values(100,'half girlfriend',525);
Query OK, 1 row affected (0.06 sec)

mysql> SET AUTOCOMMIT=OFF;
Query OK, 0 rows affected (0.00 sec)

mysql> insert into BOOK values(101,'rainy day',400);
Query OK, 1 row affected (0.00 sec)

mysql> select *from BOOK;
+------+-----------------+-------+
| b_no | b_name          | price |
+------+-----------------+-------+
|  100 | half girlfriend |   525 |
+------+-----------------+-------+
1 row in set (0.00 sec)

mysql> insert into BOOK values(101,'secret',780);
Query OK, 1 row affected (0.02 sec)

mysql> insert into BOOK values(102,'Alone',600);
Query OK, 1 row affected (0.00 sec)

mysql> COMMIT;
Query OK, 0 rows affected (0.04 sec)

mysql> select * from BOOK;
+------+-----------------+-------+
| b_no | b_name          | price |
+------+-----------------+-------+
|  100 | half girlfriend |   525 |
|  101 | secret          |   780 |
|  102 | Alone           |   600 |
+------+-----------------+-------+
3 rows in set (0.00 sec)


Q2:-ROLLBACK


mysql> DELETE from BOOK where b_no=100;
Query OK, 1 row affected (0.00 sec)

mysql> select *from BOOK;
+------+--------+-------+
| b_no | b_name | price |
+------+--------+-------+
|  101 | secret |   780 |
|  102 | Alone  |   600 |
+------+--------+-------+
2 rows in set (0.00 sec)

mysql> ROLLBACK;
Query OK, 0 rows affected (0.09 sec)

mysql> select *from BOOK;
+------+-----------------+-------+
| b_no | b_name          | price |
+------+-----------------+-------+
|  100 | half girlfriend |   525 |
|  101 | secret          |   780 |
|  102 | Alone           |   600 |
+------+-----------------+-------+
3 rows in set (0.00 sec)


Q3:-SAVEPOINT


mysql> SET AUTOCOMMIT=OFF;
Query OK, 0 rows affected (0.00 sec)

mysql> insert into BOOK values(103,'Dark',410);
Query OK, 1 row affected (0.01 sec)

mysql> SELECT * FROM BOOK;
+------+-----------------+-------+
| b_no | b_name          | price |
+------+-----------------+-------+
|  100 | half girlfriend |   525 |
|  101 | secret          |   780 |
|  102 | Alone           |   600 |
|  103 | Dark            |   410 |
+------+-----------------+-------+
4 rows in set (0.00 sec)

mysql> SAVEPOINT S1;
Query OK, 0 rows affected (0.00 sec)

mysql> insert into BOOK values(104,'Second Chance',750);
Query OK, 1 row affected (0.00 sec)

mysql> insert into BOOK values(105,'shades',1030);
Query OK, 1 row affected (0.00 sec)

mysql> SELECT * FROM BOOK;
+------+-----------------+-------+
| b_no | b_name          | price |
+------+-----------------+-------+
|  100 | half girlfriend |   525 |
|  101 | secret          |   780 |
|  102 | Alone           |   600 |
|  103 | Dark            |   410 |
|  104 | Second Chance   |   750 |
|  105 | shades          |  1030 |
+------+-----------------+-------+
6 rows in set (0.00 sec)

mysql> SAVEPOINT S2;
Query OK, 0 rows affected (0.00 sec)

mysql> insert into BOOK values(106,'Adventure',650);
Query OK, 1 row affected (0.00 sec)

mysql> SAVEPOINT S3;
Query OK, 0 rows affected (0.00 sec)

mysql> ROLLBACK TO S1;
Query OK, 0 rows affected (0.00 sec)

mysql> SELECT * FROM BOOK;
+------+-----------------+-------+
| b_no | b_name          | price |
+------+-----------------+-------+
|  100 | half girlfriend |   525 |
|  101 | secret          |   780 |
|  102 | Alone           |   600 |
|  103 | Dark            |   410 |
+------+-----------------+-------+
4 rows in set (0.00 sec)



PART-B :-DCL COMMANDS



Q1:-  Create two users user1, user2


mysql> CREATE USER user1@'localhost' identified by 'password1';
Query OK, 0 rows affected (0.01 sec)

mysql> CREATE USER user2@'localhost' identified by 'password2';
Query OK, 0 rows affected (0.00 sec)

mysql> select user from mysql.user;
+------------------+
| user             |
+------------------+
| root             |
| user1            |
| user2            |
+------------------+
17 rows in set (0.00 sec)

GRANT COMMAND

Q1:- Give insert and select privilege to user 1 on customer table in the invoice database.

mysql> use INVOICE;
Database changed

mysql> GRANT  insert,select on Customer to user1@'localhost';
Query OK, 0 rows affected (0.00 sec)


Q2:-Give update and delete privilege to user 2 on all tables in the invoice database.


mysql> GRANT  update,delete on INVOICE.* to user2@'localhost';
Query OK, 0 rows affected (0.00 sec)

mysql> Show GRANTS for user1@'localhost';
+-----------------------------------------------------------------------+
| Grants for user11@localhost                                           |
+-----------------------------------------------------------------------+
| GRANT USAGE ON *.* TO 'user1'@'localhost'                             |
| GRANT SELECT, INSERT ON `INVOICE1`.`Customer` TO 'user1'@'localhost'  |
+-----------------------------------------------------------------------+
2 rows in set (0.00 sec)

mysql> Show GRANTS for user2@'localhost';
+--------------------------------------------------------------+
| Grants for user22@localhost                                  |
+--------------------------------------------------------------+
| GRANT USAGE ON *.* TO 'user2'@'localhost'                    |
| GRANT UPDATE, DELETE ON `INVOICE1`.* TO 'user2'@'localhost'  |
+--------------------------------------------------------------+
2 rows in set (0.00 sec)

REVOKE COMMAND

Q1:-Remove delete privilege of user 2.

mysql> REVOKE delete on INVOICE1.* from user2@'localhost';
Query OK, 0 rows affected (0.00 sec)

mysql> Show GRANTS for user2@'localhost';
+------------------------------------------------------+
| Grants for user2@localhost                           |
+------------------------------------------------------+
| GRANT USAGE ON *.* TO 'user2'@'localhost'            |
| GRANT UPDATE ON `INVOICE1`.* TO 'user22'@'localhost' |
+------------------------------------------------------+
2 rows in set (0.00 sec)


//VERIFIED
