                              EXPERIMENT 1.2 -RELATIONAL DATABASE DESIGN USING MYSQL-DML COMMANDS
                              ___________________________________________________________________
  
PART-A : DML COMMANDS-INSERT
 
 
Q1:Insert values in EMPLOYEE table.

mysql> INSERT INTO EMPLOYEE VALUES(100,'sreya','thrissur','2000-05-09',243671);
Query OK, 1 row affected (0.06 sec)

mysql> INSERT INTO EMPLOYEE VALUES(101,'akshay','kozhikode','2001-03-18',233345);
Query OK, 1 row affected (0.06 sec)

mysql> INSERT INTO EMPLOYEE VALUES(102,'jyothis','kannur','2000-08-06',276835);
Query OK, 1 row affected (0.05 sec)

mysql> INSERT INTO EMPLOYEE VALUES(103,'nilina','kannur','2001-03-29',366835);
Query OK, 1 row affected (0.05 sec)

mysql> INSERT INTO EMPLOYEE VALUES(104,'sreyas','wayanad','2000-02-22',367535);
Query OK, 1 row affected (0.05 sec)

mysql> INSERT INTO EMPLOYEE VALUES(105,'nihitha','wayanad','2000-12-29',367435); 
Query OK, 1 row affected (0.11 sec)

mysql> INSERT INTO EMPLOYEE VALUES(106,'janaki','kozhikode','2002-10-12',667435);
Query OK, 1 row affected (0.06 sec)

mysql> select * from EMPLOYEE;
+--------+---------+-----------+------------+----------+
| emp_id | name    | city      | dob        | adhar_no |
+--------+---------+-----------+------------+----------+
|    100 | sreya   | thrissur  | 2000-05-09 |   243671 |
|    101 | akshay  | kozhikode | 2001-03-18 |   233345 |
|    102 | jyothis | kannur    | 2000-08-06 |   276835 |
|    103 | nilina  | kannur    | 2001-03-29 |   366835 |
|    104 | sreyas  | wayanad   | 2000-02-22 |   367535 |
|    105 | nihitha | wayanad   | 2000-12-29 |   367435 |
|    106 | janaki  | kozhikode | 2002-10-12 |   667435 |
+--------+---------+-----------+------------+----------+
7 rows in set (0.01 sec)

Q2: Insert values in STUDENT table.

mysql> INSERT INTO STUDENT VALUES(10,'janaki',21,'kozhikode','f');
Query OK, 1 row affected (0.04 sec)

mysql> INSERT INTO STUDENT VALUES(11,'kajal',22,'palakkad','f');
Query OK, 1 row affected (0.05 sec)

mysql> INSERT INTO STUDENT VALUES(12,'levin',21,'kannur','m');
Query OK, 1 row affected (0.05 sec)

mysql> INSERT INTO STUDENT VALUES(13,'liya',21,'pallikunn','f');
Query OK, 1 row affected (0.06 sec)

mysql> INSERT INTO STUDENT VALUES(14,'nilina',23,'iritty','f');
Query OK, 1 row affected (0.06 sec)

mysql> INSERT INTO STUDENT VALUES(15,'sourav',23,'chelakkad','m');
Query OK, 1 row affected (0.05 sec)

mysql> INSERT INTO STUDENT VALUES(16,'tansir',22,'vatakara','m');
Query OK, 1 row affected (0.04 sec)

mysql> select * from STUDENT;
+---------+--------+------+-----------+--------+
| roll_no | name   | age  | address   | gender |
+---------+--------+------+-----------+--------+
|      10 | janaki |   21 | kozhikode | f      |
|      11 | kajal  |   22 | palakkad  | f      |
|      12 | levin  |   21 | kannur    | m      |
|      13 | liya   |   21 | pallikunn | f      |
|      14 | nilina |   23 | iritty    | f      |
|      15 | sourav |   23 | chelakkad | m      |
|      16 | tansir |   22 | vatakara  | m      |
+---------+--------+------+-----------+--------+
7 rows in set (0.00 sec)

Q3:Insert values in INVOICE database. 

use INVOICE;

Database changed
mysql> show tables;
+--------------------+
| Tables_in_INVOICE  |
+--------------------+
| Customer           |
| Invoice_master     |
| Product            |
| invoice_item       |
+--------------------+
4 rows in set (0.00 sec)

:-insert values in Customer table

mysql> INSERT INTO Customer VALUES(1001,'tansir','kolaayil(H)','kannur',9293947481);
Query OK, 1 row affected (0.04 sec)

mysql> INSERT INTO Customer VALUES(1002,'nilina','aanaparayil(H)','calicut',9593946481);
Query OK, 1 row affected (0.06 sec)

mysql> INSERT INTO Customer VALUES(1003,'manu','thottathil(H)','kasargod',9593946435);
Query OK, 1 row affected (0.07 sec)

mysql> INSERT INTO Customer VALUES(1004,'jyothis','mangalasseri(H)','palakkad',9273946435);
Query OK, 1 row affected (0.06 sec)

mysql> INSERT INTO Customer VALUES(1005,'sekhar','thekkeparambil(H)','kottayam',9273946430);
Query OK, 1 row affected (0.06 sec)

mysql> INSERT INTO Customer VALUES(1006,'sreedevi','madampalli(H)','kottayam',9273446
Query OK, 1 row affected (0.06 sec)

mysql> INSERT INTO Customer VALUES(1007,'asokan','thaiparambil(H)','alapuzha',9240568316);
Query OK, 1 row affected (0.04 sec)

mysql> select * from Customer;
+------+----------+-------------------+----------+------------+
| id   | name     | address           | city     | ph_no      |
+------+----------+-------------------+----------+------------+
| 1001 | tansir   | kolaayil(H)       | kannur   | 9293947481 |
| 1002 | nilina   | aanaparayil(H)    | calicut  | 9593946481 |
| 1003 | manu     | thottathil(H)     | kasargod | 9593946435 |
| 1004 | jyothis  | mangalasseri(H)   | palakkad | 9273946435 |
| 1005 | sekhar   | thekkeparambil(H) | kottayam | 9273946430 |
| 1006 | sreedevi | madampalli(H)     | kottayam | 9273446430 |
| 1007 | asokan   | thaiparambil(H)   | alapuzha | 9240568316 |
+------+----------+-------------------+----------+------------+
7 rows in set (0.00 sec)

:-insert values in Product table

mysql> INSERT INTO Product VALUES(111,'soap',65);
Query OK, 1 row affected (0.06 sec)

mysql> INSERT INTO Product VALUES(112,'shampoo',200);
Query OK, 1 row affected (0.06 sec)

mysql> INSERT INTO Product VALUES(113,'knife',400);
Query OK, 1 row affected (0.04 sec)

mysql> INSERT INTO Product VALUES(114,'Book',225);
Query OK, 1 row affected (0.05 sec)

mysql> INSERT INTO Product VALUES(115,'pen',15);
Query OK, 1 row affected (0.04 sec)

mysql> INSERT INTO Product VALUES(116,'lipstick',399);
Query OK, 1 row affected (0.07 sec)

mysql> INSERT INTO Product VALUES(117,'Bag',699);
Query OK, 1 row affected (0.04 sec)

mysql> select * from Product;
+-----+----------+-------+
| pid | pname    | price |
+-----+----------+-------+
| 111 | soap     |    65 |
| 112 | shampoo  |   200 |
| 113 | knife    |   400 |
| 114 | Book     |   225 |
| 115 | pen      |    15 |
| 116 | lipstick |   399 |
| 117 | Bag      |   699 |
+-----+----------+-------+
7 rows in set (0.00 sec)

:-insert values  in Invoice_master table

mysql> insert into Invoice_master values(501,1001,'2022-03-26');
Query OK, 1 row affected (0.05 sec)

mysql> insert into Invoice_master values(502,1001,'2022-02-27');
Query OK, 1 row affected (0.04 sec)

mysql> insert into Invoice_master values(503,1003,'2022-03-27');
Query OK, 1 row affected (0.03 sec)

mysql> insert into Invoice_master values(504,1005,'2022-03-18');
Query OK, 1 row affected (0.04 sec)

mysql> insert into Invoice_master values(505,1005,'2022-02-18');
Query OK, 1 row affected (0.04 sec)

mysql> insert into Invoice_master values(506,1007,'2022-03-05');
Query OK, 1 row affected (0.05 sec)

mysql> insert into Invoice_master values(507,1007,'2022-03-05');
Query OK, 1 row affected (0.04 sec)

mysql> insert into Invoice_master values(508,1007,'2022-03-05');
Query OK, 1 row affected (0.05 sec)

mysql> select * from Invoice_master;
+--------+------+------------+
| inv_id | id   | inv_date   |
+--------+------+------------+
|    501 | 1001 | 2022-03-26 |
|    502 | 1001 | 2022-02-27 |
|    503 | 1003 | 2022-03-27 |
|    504 | 1005 | 2022-03-18 |
|    505 | 1005 | 2022-02-18 |
|    506 | 1007 | 2022-03-05 |
|    507 | 1007 | 2022-03-05 |
|    508 | 1007 | 2022-03-05 |
+--------+------+------------+
8 rows in set (0.00 sec)

:-insert values in invoice_item table

mysql> insert into invoice_item values(501,113,2);
Query OK, 1 row affected (0.04 sec)

mysql> insert into invoice_item values(501,112,3);
Query OK, 1 row affected (0.05 sec)

mysql> insert into invoice_item values(504,112,1);
Query OK, 1 row affected (0.05 sec)

mysql> insert into invoice_item values(506,115,2);
Query OK, 1 row affected (0.04 sec)

mysql> insert into invoice_item values(507,115,1);
Query OK, 1 row affected (0.07 sec)

mysql> insert into invoice_item values(505,116,4);
Query OK, 1 row affected (0.06 sec)

mysql> insert into invoice_item values(505,113,1);
Query OK, 1 row affected (0.06 sec)

mysql> select * from invoice_item;
+--------+------+----------+
| inv_id | pid  | quantity |
+--------+------+----------+
|    501 |  113 |        2 |
|    501 |  112 |        3 |
|    504 |  112 |        1 |
|    506 |  115 |        2 |
|    507 |  115 |        1 |
|    505 |  116 |        4 |
|    505 |  113 |        1 |
+--------+------+----------+
7 rows in set (0.00 sec)



PART-B:-DML COMMANDS- UPDATE


Q1:- Update the price of a particular product. 

mysql> select * from Product;
+-----+----------+-------+
| pid | pname    | price |
+-----+----------+-------+
| 111 | soap     |    65 |
| 112 | shampoo  |   200 |
| 113 | knife    |   400 |
| 114 | Book     |   225 |
| 115 | pen      |    15 |
| 116 | lipstick |   399 |
| 117 | Bag      |   699 |
+-----+----------+-------+
7 rows in set (0.00 sec)


mysql> UPDATE  Product SET price=50 where pid=114;
Query OK, 1 row affected (0.07 sec)
Rows matched: 1  Changed: 1  Warnings: 0

mysql> select * from Product;
+-----+----------+-------+
| pid | pname    | price |
+-----+----------+-------+
| 111 | soap     |    65 |
| 112 | shampoo  |   200 |
| 113 | knife    |   400 |
| 114 | Book     |    50 |
| 115 | pen      |    15 |
| 116 | lipstick |   399 |
| 117 | Bag      |   699 |
+-----+----------+-------+
7 rows in set (0.00 sec)

Q2:- Change the name of city ‘calicut’ to ‘kozhikode’ in the customer table.

mysql> select * from Customer;
+------+----------+-------------------+----------+------------+
| id   | name     | address           | city     | ph_no      |
+------+----------+-------------------+----------+------------+
| 1001 | tansir   | kolaayil(H)       | kannur   | 9293947481 |
| 1002 | nilina   | aanaparayil(H)    | calicut  | 9593946481 |
| 1003 | manu     | thottathil(H)     | kasargod | 9593946435 |
| 1004 | jyothis  | mangalasseri(H)   | palakkad | 9273946435 |
| 1005 | sekhar   | thekkeparambil(H) | kottayam | 9273946430 |
| 1006 | sreedevi | madampalli(H)     | kottayam | 9273446430 |
| 1007 | asokan   | thaiparambil(H)   | alapuzha | 9240568316 |
+------+----------+-------------------+----------+------------+
7 rows in set (0.00 sec)

mysql> UPDATE  Customer  SET city='kozhikode' where id=1002;
Query OK, 1 row affected (0.05 sec)
Rows matched: 1  Changed: 1  Warnings: 0

mysql> select * from Customer;
+------+----------+-------------------+-----------+------------+
| id   | name     | address           | city      | ph_no      |
+------+----------+-------------------+-----------+------------+
| 1001 | tansir   | kolaayil(H)       | kannur    | 9293947481 |
| 1002 | nilina   | aanaparayil(H)    | kozhikode | 9593946481 |
| 1003 | manu     | thottathil(H)     | kasargod  | 9593946435 |
| 1004 | jyothis  | mangalasseri(H)   | palakkad  | 9273946435 |
| 1005 | sekhar   | thekkeparambil(H) | kottayam  | 9273946430 |
| 1006 | sreedevi | madampalli(H)     | kottayam  | 9273446430 |
| 1007 | asokan   | thaiparambil(H)   | alapuzha  | 9240568316 |
+------+----------+-------------------+-----------+------------+
7 rows in set (0.00 sec)

Q3:- Update all prices with 2% of its original price.

mysql> select * from Product;
+-----+----------+-------+
| pid | pname    | price |
+-----+----------+-------+
| 111 | soap     |    65 |
| 112 | shampoo  |   200 |
| 113 | knife    |   400 |
| 114 | Book     |   225 |
| 115 | pen      |    15 |
| 116 | lipstick |   399 |
| 117 | Bag      |   699 |
+-----+----------+-------+
7 rows in set (0.00 sec)

mysql> UPDATE  Product SET price=price+(price*2)/100;
Query OK, 6 rows affected (0.06 sec)
Rows matched: 7  Changed: 6  Warnings: 0

mysql> select * from Product;
+-----+----------+-------+
| pid | pname    | price |
+-----+----------+-------+
| 111 | soap     |    66 |
| 112 | shampoo  |   204 |
| 113 | knife    |   408 |
| 114 | Book     |    51 |
| 115 | pen      |    15 |
| 116 | lipstick |   407 |
| 117 | Bag      |   713 |
+-----+----------+-------+
7 rows in set (0.00 sec)

Q4:-Change the name, address, city of a particular customer. 

mysql> select * from Customer;
+------+----------+-------------------+----------+------------+
| id   | name     | address           | city     | ph_no      |
+------+----------+-------------------+----------+------------+
| 1001 | tansir   | kolaayil(H)       | kannur   | 9293947481 |
| 1002 | nilina   | aanaparayil(H)    | calicut  | 9593946481 |
| 1003 | manu     | thottathil(H)     | kasargod | 9593946435 |
| 1004 | jyothis  | mangalasseri(H)   | palakkad | 9273946435 |
| 1005 | sekhar   | thekkeparambil(H) | kottayam | 9273946430 |
| 1006 | sreedevi | madampalli(H)     | kottayam | 9273446430 |
| 1007 | asokan   | thaiparambil(H)   | alapuzha | 9240568316 |
+------+----------+-------------------+----------+------------+
7 rows in set (0.00 sec)

mysql> UPDATE  Customer  SET name='Ayisha',address='arayckal',city='payyannur' where id=1001;
Query OK, 1 row affected (0.08 sec)
Rows matched: 1  Changed: 1  Warnings: 0

mysql> select * from Customer;
+------+----------+-------------------+-----------+------------+
| id   | name     | address           | city      | ph_no      |
+------+----------+-------------------+-----------+------------+
| 1001 | Ayisha   | arayckal          | payyannur | 9293947481 |
| 1002 | nilina   | aanaparayil(H)    | kozhikode | 9593946481 |
| 1003 | manu     | thottathil(H)     | kasargod  | 9593946435 |
| 1004 | jyothis  | mangalasseri(H)   | palakkad  | 9273946435 |
| 1005 | sekhar   | thekkeparambil(H) | kottayam  | 9273946430 |
| 1006 | sreedevi | madampalli(H)     | kottayam  | 9273446430 |
| 1007 | asokan   | thaiparambil(H)   | alapuzha  | 9240568316 |
+------+----------+-------------------+-----------+------------+
7 rows in set (0.00 sec)

Q5:-Change the quantity of a purchased product of inv_id ‘504’

mysql> select * from invoice_item;
+--------+------+----------+
| inv_id | pid  | quantity |
+--------+------+----------+
|    501 |  113 |        2 |
|    501 |  112 |        3 |
|    504 |  112 |        1 |
|    506 |  115 |        2 |
|    507 |  115 |        1 |
|    505 |  116 |        4 |
|    505 |  113 |        1 |
+--------+------+----------+
7 rows in set (0.00 sec)

mysql> UPDATE  invoice_item SET quantity=5 where inv_id=504;
Query OK, 1 row affected (0.04 sec)
Rows matched: 1  Changed: 1  Warnings: 0

mysql> select * from invoice_item;
+--------+------+----------+
| inv_id | pid  | quantity |
+--------+------+----------+
|    501 |  113 |        2 |
|    501 |  112 |        3 |
|    504 |  112 |        5 |
|    506 |  115 |        2 |
|    507 |  115 |        1 |
|    505 |  116 |        4 |
|    505 |  113 |        1 |
+--------+------+----------+
7 rows in set (0.00 sec)



PART-C:- DML COMMAND- DELETE


Q1:- Delete the record of customer id ‘1006’. 

mysql> select * from Customer;
+------+----------+-------------------+-----------+------------+
| id   | name     | address           | city      | ph_no      |
+------+----------+-------------------+-----------+------------+
| 1001 | Ayisha   | arayckal          | payyannur | 9293947481 |
| 1002 | nilina   | aanaparayil(H)    | kozhikode | 9593946481 |
| 1003 | manu     | thottathil(H)     | kasargod  | 9593946435 |
| 1004 | jyothis  | mangalasseri(H)   | palakkad  | 9273946435 |
| 1005 | sekhar   | thekkeparambil(H) | kottayam  | 9273946430 |
| 1006 | sreedevi | madampalli(H)     | kottayam  | 9273446430 |
| 1007 | asokan   | thaiparambil(H)   | alapuzha  | 9240568316 |
+------+----------+-------------------+-----------+------------+
7 rows in set (0.00 sec)

mysql> DELETE from Customer where id=1006;
Query OK, 1 row affected (0.05 sec)

mysql> select * from Customer;
+------+---------+-------------------+-----------+------------+
| id   | name    | address           | city      | ph_no      |
+------+---------+-------------------+-----------+------------+
| 1001 | Ayisha  | arayckal          | payyannur | 9293947481 |
| 1002 | nilina  | aanaparayil(H)    | kozhikode | 9593946481 |
| 1003 | manu    | thottathil(H)     | kasargod  | 9593946435 |
| 1004 | jyothis | mangalasseri(H)   | palakkad  | 9273946435 |
| 1005 | sekhar  | thekkeparambil(H) | kottayam  | 9273946430 |
| 1007 | asokan  | thaiparambil(H)   | alapuzha  | 9240568316 |
+------+---------+-------------------+-----------+------------+
6 rows in set (0.00 sec)


Q2:-Delete all purchase details of items its quantity less than 2. 

mysql> select * from invoice_item;
+--------+------+----------+
| inv_id | pid  | quantity |
+--------+------+----------+
|    501 |  113 |        2 |
|    501 |  112 |        3 |
|    504 |  112 |        1 |
|    506 |  115 |        2 |
|    507 |  115 |        1 |
|    505 |  116 |        4 |
|    505 |  113 |        1 |
+--------+------+----------+
7 rows in set (0.00 sec)

mysql> DELETE from invoice_item  where quantity<2;
Query OK, 2 rows affected (0.06 sec)

mysql> select * from invoice_item;
+--------+------+----------+
| inv_id | pid  | quantity |
+--------+------+----------+
|    501 |  113 |        2 |
|    501 |  112 |        3 |
|    504 |  112 |        5 |
|    506 |  115 |        2 |
|    505 |  116 |        4 |
+--------+------+----------+
5 rows in set (0.00 sec)


Q3:-Delete the purchase details of product ‘pen’ in the in_id ‘506’.

mysql> select * from invoice_item;
+--------+------+----------+
| inv_id | pid  | quantity |
+--------+------+----------+
|    501 |  113 |        2 |
|    501 |  112 |        3 |
|    504 |  112 |        5 |
|    506 |  115 |        2 |
|    505 |  116 |        4 |
+--------+------+----------+
5 rows in set (0.00 sec)

mysql> DELETE from invoice_item  where pid=115 and inv_id=506;
Query OK, 1 row affected (0.06 sec)

mysql> select * from invoice_item;
+--------+------+----------+
| inv_id | pid  | quantity |
+--------+------+----------+
|    501 |  113 |        2 |
|    501 |  112 |        3 |
|    504 |  112 |        5 |
|    505 |  116 |        4 |
+--------+------+----------+
4 rows in set (0.00 sec)

Q4:-Delete details of employees who does not have phone number. 

mysql> insert into Customer(id,name,address,city) values(1008,'sreedevi','madampalli(H)','kollam');
Query OK, 1 row affected (0.14 sec)

mysql> select * from Customer;
+------+----------+-------------------+-----------+------------+
| id   | name     | address           | city      | ph_no      |
+------+----------+-------------------+-----------+------------+
| 1001 | Ayisha   | arayckal          | payyannur | 9293947481 |
| 1002 | nilina   | aanaparayil(H)    | kozhikode | 9593946481 |
| 1003 | manu     | thottathil(H)     | kasargod  | 9593946435 |
| 1004 | jyothis  | mangalasseri(H)   | palakkad  | 9273946435 |
| 1005 | sekhar   | thekkeparambil(H) | kottayam  | 9273946430 |
| 1007 | asokan   | thaiparambil(H)   | alapuzha  | 9984269227 |
| 1008 | sreedevi | madampalli(H)     | kollam    | NULL       |
+------+----------+-------------------+-----------+------------+

mysql> DELETE from Customer where ph_no is NULL;
Query OK, 1 row affected (0.05 sec)

mysql> select * from Customer;
+------+---------+-------------------+-----------+------------+
| id   | name    | address           | city      | ph_no      |
+------+---------+-------------------+-----------+------------+
| 1001 | Ayisha  | arayckal          | payyannur | 9293947481 |
| 1002 | nilina  | aanaparayil(H)    | kozhikode | 9593946481 |
| 1003 | manu    | thottathil(H)     | kasargod  | 9593946435 |
| 1004 | jyothis | mangalasseri(H)   | palakkad  | 9273946435 |
| 1005 | sekhar  | thekkeparambil(H) | kottayam  | 9273946430 |
| 1007 | asokan  | thaiparambil(H)   | alapuzha  | 9984269227 |
+------+---------+-------------------+-----------+------------+
6 rows in set (0.00 sec)
 
Q5:-Delete all records from STUDENT table. 

mysql> select *from STUDENT;
+---------+--------+------+-----------+--------+
| roll_no | name   | age  | address   | gender |
+---------+--------+------+-----------+--------+
|      10 | janaki |   21 | kozhikode | f      |
|      11 | kajal  |   22 | palakkad  | f      |
|      12 | levin  |   21 | kannur    | m      |
|      13 | liya   |   21 | pallikunn | f      |
|      14 | nilina |   23 | iritty    | f      |
|      15 | sourav |   23 | chelakkad | m      |
|      16 | tansir |   22 | vatakara  | m      |
+---------+--------+------+-----------+--------+
7 rows in set (0.00 sec)

mysql> DELETE  from STUDENT;
Query OK, 7 rows affected (0.05 sec)

mysql> select * from STUDENT;
Empty set (0.00 sec)

Q6:-Delete Invoice details of a particular customer.

mysql> select * from Invoice_master;
+--------+------+------------+
| inv_id | id   | inv_date   |
+--------+------+------------+
|    501 | 1001 | 2022-03-26 |
|    502 | 1001 | 2022-02-27 |
|    503 | 1003 | 2022-03-27 |
|    504 | 1005 | 2022-03-18 |
|    505 | 1005 | 2022-02-18 |
|    506 | 1007 | 2022-03-05 |
|    507 | 1007 | 2022-03-05 |
|    508 | 1007 | 2022-03-05 |
+--------+------+------------+
8 rows in set (0.00 sec)

mysql> DELETE from Invoice_master where id=1007;
Query OK, 3 rows affected (0.04 sec)

mysql> select * from Invoice_master;
+--------+------+------------+
| inv_id | id   | inv_date   |
+--------+------+------------+
|    501 | 1001 | 2022-03-26 |
|    502 | 1001 | 2022-02-27 |
|    503 | 1003 | 2022-03-27 |
|    504 | 1005 | 2022-03-18 |
|    505 | 1005 | 2022-02-18 |
+--------+------+------------+
5 rows in set (0.00 sec)


//VERIFIED
