                             EXPERIMENT 1.1 - Relational database design using MySQL -DDL COMMANDS
                            _______________________________________________________________________

PART-A -DDL COMMANDS-CREATE

Q1:-Create a table EMPLOYEE have the following fields (emp_id, name,city,dob,adhar_no)

mysql>CREATE TABLE EMPLOYEE(emp_id int,name varchar(10),city varchar(20),dob date,adhar_no int);
Query OK, 0 rows affected (0.29 sec)

mysql>DESC EMPLOYEE;
+----------+-------------+------+-----+---------+-------+
| Field    | Type        | Null | Key | Default | Extra |
+----------+-------------+------+-----+---------+-------+
| emp_id   | int(11)     | YES  |     | NULL    |       |
| name     | varchar(10) | YES  |     | NULL    |       |
| city     | varchar(20) | YES  |     | NULL    |       |
| dob      | date        | YES  |     | NULL    |       |
| adhar_no | int(11)     | YES  |     | NULL    |       |
+----------+-------------+------+-----+---------+-------+
5 rows in set (0.00 sec)

Q2:- Create a table STUDENT have the fields(roll_no, name, age, address, gender)and add following constraints on it.
     Roll_no – Primary key
     Name – does not allow null values
     Age- must be in between (0-99), does not allow null values
     Gender- default value is ‘m’

mysql> CREATE TABLE STUDENT(roll_no int primary key,name varchar(10) not null,age int check(age<100),address varchar(25),gender char(5));
Query OK, 0 rows affected (0.30 sec)

mysql> DESC STUDENT;
+---------+-------------+------+-----+---------+-------+
| Field   | Type        | Null | Key | Default | Extra |
+---------+-------------+------+-----+---------+-------+
| roll_no | int(11)     | NO   | PRI | NULL    |       |
| name    | varchar(10) | NO   |     | NULL    |       |
| age     | int(11)     | YES  |     | NULL    |       |
| address | varchar(25) | YES  |     | NULL    |       |
| gender  | char(5)     | YES  |     | NULL    |       |
+---------+-------------+------+-----+---------+-------+
5 rows in set (0.00 sec)

Q3:-  Create a temporary table STUDENT1 of STUDENT relation.

mysql> CREATE TEMPORARY TABLE STUDENT1 select *from STUDENT;
Query OK, 0 rows affected (0.00 sec)
Records: 0  Duplicates: 0  Warnings: 0

mysql> DESC STUDENT1;
+---------+-------------+------+-----+---------+-------+
| Field   | Type        | Null | Key | Default | Extra |
+---------+-------------+------+-----+---------+-------+
| roll_no | int(11)     | NO   |     | NULL    |       |
| name    | varchar(10) | NO   |     | NULL    |       |
| age     | int(11)     | YES  |     | NULL    |       |
| address | varchar(25) | YES  |     | NULL    |       |
| gender  | char(5)     | YES  |     | NULL    |       |
+---------+-------------+------+-----+---------+-------+
5 rows in set (0.00 sec)


Q4:-Create a duplicate table of EMPLOYEE.

mysql> CREATE TABLE if not exists EMPLOYEE_DUPLICATE select * from EMPLOYEE;
Query OK, 0 rows affected (0.74 sec)
Records: 0  Duplicates: 0  Warnings: 0

mysql> DESC EMPLOYEE_DUPLICATE;
+----------+-------------+------+-----+---------+-------+
| Field    | Type        | Null | Key | Default | Extra |
+----------+-------------+------+-----+---------+-------+
| emp_id   | int(11)     | YES  |     | NULL    |       |
| name     | varchar(10) | YES  |     | NULL    |       |
| city     | varchar(20) | YES  |     | NULL    |       |
| dob      | date        | YES  |     | NULL    |       |
| adhar_no | int(11)     | YES  |     | NULL    |       |
+----------+-------------+------+-----+---------+-------+
5 rows in set (0.00 sec)

Q5:-Create an INVOICE database and having following tables.

    Customer(id, name, address, city, ph_no)
    Product(pid,  pname, price (default 0))
    Invoice_master(inv_id, cust_id(FK), inv_date)
    Invoice_item(inv_id (FK),  pid(FK), quantity)
    
mysql>CREATE DATABASE INVOICE;
Query OK, 1 row affected (0.02 sec)

mysql>USE INVOICE;
Database changed

mysql>CREATE TABLE Customer(id int primary key,name varchar(10),address varchar(25), city char(10),ph_no varchar(10));
Query OK, 0 rows affected (0.47 sec)

mysql>DESC Customer;
+---------+-------------+------+-----+---------+-------+
| Field   | Type        | Null | Key | Default | Extra |
+---------+-------------+------+-----+---------+-------+
| id      | int(11)     | NO   | PRI | NULL    |       |
| name    | varchar(10) | YES  |     | NULL    |       |
| address | varchar(25) | YES  |     | NULL    |       |
| city    | char(10)    | YES  |     | NULL    |       |
| ph_no   | varchar(10) | YES  |     | NULL    |       |
+---------+-------------+------+-----+---------+-------+
5 rows in set (0.00 sec)

mysql> CREATE TABLE Product(pid int primary key,pname varchar(15),price int default 0);
Query OK, 0 rows affected (0.32 sec)

mysql> DESC Product;
+-------+-------------+------+-----+---------+-------+
| Field | Type        | Null | Key | Default | Extra |
+-------+-------------+------+-----+---------+-------+
| pid   | int(11)     | NO   | PRI | NULL    |       |
| pname | varchar(15) | YES  |     | NULL    |       |
| price | int(11)     | YES  |     | 0       |       |
+-------+-------------+------+-----+---------+-------+
3 rows in set (0.00 sec)

mysql> CREATE TABLE Invoice_master(inv_id int primary key,id int,foreign key(id)references Customer(id));
Query OK, 0 rows affected (0.33 sec)

mysql> DESC Invoice_master;
+--------+---------+------+-----+---------+-------+
| Field  | Type    | Nu Roll_no – Primary key
               Name – does not allow null values
               Age- must be in between (0-99), does not allow null values
               Gender- default value is ‘m’ll | Key | Default | Extra |
+--------+---------+------+-----+---------+-------+
| inv_id | int(11) | NO   | PRI | NULL    |       |
| id     | int(11) | YES  | MUL | NULL    |       |
+--------+---------+------+-----+---------+-------+
2 rows in set (0.00 sec)

mysql> CREATE TABLE Invoice_item(inv_id int,pid int,quantity int,foreign key(inv_id) references Invoice_master(inv_id),foreign key(pid) references Product(pid));
Query OK, 0 rows affected (0.38 sec)

mysql> DESC invoice_item;
+----------+---------+------+-----+---------+-------+
| Field    | Type    | Null | Key | Default | Extra |
+----------+---------+------+-----+---------+-------+
| inv_id   | int(11) | YES  | MUL | NULL    |       |
| pid      | int(11) | YES  | MUL | NULL    |       |
| quantity | int(11) | YES  |     | NULL    |       |
+----------+---------+------+-----+---------+-------+
3 rows in set (0.00 sec)


PART-B -DDL COMMANDS- ALTER & DROP

Q1:-Add a column ‘SSN’ at the first position in the table EMPLOYEE

mysql> ALTER TABLE EMPLOYEE ADD ssn int first;
Query OK, 0 rows affected (0.60 sec)
Records: 0  Duplicates: 0  Warnings: 0

mysql> DESC EMPLOYEE;
+----------+-------------+------+-----+---------+-------+
| Field    | Type        | Null | Key | Default | Extra |
+----------+-------------+------+-----+---------+-------+
| ssn      | int(11)     | YES  |     | NULL    |       |
| emp_id   | int(11)     | YES  |     | NULL    |       |
| name     | varchar(10) | YES  |     | NULL    |       |
| city     | varchar(20) | YES  |     | NULL    |       |
| dob      | date        | YES  |     | NULL    |       |
| adhar_no | int(11)     | YES  |     | NULL    |       |
+----------+-------------+------+-----+---------+-------+
6 rows in set (0.00 sec)




//VERIFIED




